//,Address,Size,Code Type,Flags,Name,Can Desync,
OFFSET(,0x00000000,0x0,0x00,0x000000,,0,)
OFFSET(,0x00200000,0x1000,0x07,0x010000,,0,)
OFFSET(,0x00201000,0x6000,0x07,0x010000,,0,)
OFFSET(,0x0041e0d0,0x4,0x07,0x010000,,0,)
OFFSET(,0x00423180,0x4,0x06,0x000010,,0,)
OFFSET(,0x004231d0,0x4,0x06,0x000010,,0,)
OFFSET(,0x004231f0,0x4,0x06,0x000010,,0,)
OFFSET(,0x00423210,0x4,0x06,0x000010,,0,)
OFFSET(,0x00423230,0x4,0x06,0x000010,,0,)
OFFSET(,0x00423270,0x4,0x06,0x000010,,0,)
OFFSET(,0x00423290,0x4,0x06,0x000010,,0,)
OFFSET(,0x004232b0,0x4,0x06,0x000010,,0,)
OFFSET(,0x004232d0,0x4,0x06,0x000010,,0,)
OFFSET(,0x004232f0,0x4,0x06,0x000010,,0,)
OFFSET(,0x00423310,0x4,0x06,0x000010,,0,)
OFFSET(,0x00423330,0x4,0x06,0x000010,,0,)
OFFSET(,0x00423350,0x4,0x06,0x000010,,0,)
OFFSET(,0x00423370,0x4,0x06,0x000010,,0,)
OFFSET(,0x00423390,0x4,0x06,0x000010,,0,)
OFFSET(,0x004233b0,0x4,0x06,0x000010,,0,)
OFFSET(,0x004233d0,0x4,0x06,0x000010,,0,)
OFFSET(,0x004233f0,0x4,0x06,0x000010,,0,)
OFFSET(,0x00423410,0x4,0x06,0x000010,,0,)
OFFSET(,0x00423430,0x4,0x06,0x000010,,0,)
OFFSET(,0x00423450,0x4,0x06,0x000010,,0,)
OFFSET(,0x00423470,0x4,0x06,0x000010,,0,)
OFFSET(,0x00423490,0x4,0x06,0x000010,,0,)
OFFSET(,0x004234b0,0x4,0x06,0x000010,,0,)
OFFSET(,0x004234d0,0x4,0x06,0x000010,,0,)
OFFSET(,0x00423730,0x4,0x06,0x000010,,0,)
OFFSET(,0x00423760,0x4,0x06,0x000010,,0,)
OFFSET(,0x00423790,0x4,0x06,0x000010,,0,)
OFFSET(,0x00423860,0x4,0x06,0x000010,,0,)
OFFSET(,0x00423930,0x4,0x06,0x000010,,0,)
OFFSET(,0x004239e0,0x4,0x06,0x000010,,0,)
OFFSET(,0x00423a40,0x4,0x06,0x000010,,0,)
OFFSET(,0x00423aa0,0x4,0x06,0x000010,,0,)
OFFSET(,0x00423b00,0x4,0x06,0x000010,,0,)
OFFSET(,0x00423b40,0x4,0x06,0x000010,,0,)
OFFSET(,0x00423b70,0x4,0x06,0x000010,,0,)
OFFSET(,0x00423bd0,0x4,0x06,0x000010,,0,)
OFFSET(,0x00423c30,0x4,0x06,0x000010,,0,)
OFFSET(,0x00423c40,0x4,0x06,0x000010,,0,)
OFFSET(,0x00423c50,0x4,0x06,0x000010,,0,)
OFFSET(,0x00423d10,0x4,0x06,0x000010,,0,)
OFFSET(,0x00423dd0,0x4,0x06,0x000010,,0,)
OFFSET(,0x00423e90,0x4,0x06,0x000010,,0,)
OFFSET(,0x00423eb0,0x4,0x06,0x000010,,0,)
OFFSET(,0x00423f70,0x4,0x06,0x000010,,0,)
OFFSET(,0x00424140,0x4,0x06,0x000010,,0,)
OFFSET(,0x004241a0,0x4,0x06,0x000010,,0,)
OFFSET(,0x00424200,0x4,0x06,0x000010,,0,)
OFFSET(,0x00424260,0x4,0x06,0x000010,,0,)
OFFSET(,0x004242c0,0x4,0x06,0x000010,,0,)
OFFSET(,0x00424320,0x4,0x06,0x000010,,0,)
OFFSET(,0x00424380,0x4,0x06,0x000010,,0,)
OFFSET(,0x00424440,0x4,0x06,0x000010,,0,)
OFFSET(,0x004244a0,0x4,0x06,0x000010,,0,)
OFFSET(,0x00424500,0x4,0x2f,0x000010,,0,)
OFFSET(,0x00424520,0x4,0x2f,0x000010,,0,)
OFFSET(,0x00424980,0x4,0x2f,0x000010,,0,)
OFFSET(,0x00424ac0,0x4,0x2f,0x000010,,0,)
OFFSET(,0x00424af0,0x4,0x2f,0x000010,,0,)
OFFSET(,0x00424b50,0x4,0x2f,0x000010,,0,)
OFFSET(,0x00424f10,0x4,0x2f,0x000010,,0,)
OFFSET(,0x00425180,0x4,0x2f,0x000010,,0,)
OFFSET(,0x00425900,0x4,0x2f,0x000010,,0,)
OFFSET(,0x00425ee0,0x4,0x2f,0x000010,,0,)
OFFSET(,0x00426918,0x4,0x07,0x010000,,0,)
OFFSET(,0x00426ee0,0x4,0x2f,0x000010,,0,)
OFFSET(,0x00426f50,0x4,0x2f,0x000010,,0,)
OFFSET(,0x00427260,0x4,0x2f,0x000010,,0,)
OFFSET(,0x004273e0,0x4,0x2f,0x000010,,0,)
OFFSET(,0x004274a0,0x4,0x2f,0x000010,,0,)
OFFSET(,0x00427890,0x4,0x2f,0x000010,,0,)
OFFSET(,0x00427900,0x4,0x07,0x010000,,0,)
OFFSET(,0x00427c90,0x4,0x2f,0x000010,,0,)
OFFSET(,0x00427cdc,0x4,0x07,0x010000,,0,)
OFFSET(,0x00427d30,0x4,0x2f,0x000010,,0,)
OFFSET(,0x004282d0,0x4,0x06,0x000010,,0,)
OFFSET(,0x00428310,0x4,0x06,0x000010,,0,)
OFFSET(,0x00428340,0x4,0x06,0x000010,,0,)
OFFSET(,0x00428360,0x4,0x06,0x000010,,0,)
OFFSET(,0x004283c0,0x4,0x06,0x000010,,0,)
OFFSET(,0x004283f0,0x4,0x06,0x000010,,0,)
OFFSET(,0x00428420,0x4,0x06,0x000010,,0,)
OFFSET(,0x00428440,0x4,0x06,0x000010,,0,)
OFFSET(,0x00428480,0x4,0x06,0x000010,,0,)
OFFSET(,0x004284b0,0x4,0x06,0x000010,,0,)
OFFSET(,0x004284e0,0x4,0x06,0x000010,,0,)
OFFSET(,0x00428500,0x4,0x06,0x000010,,0,)
OFFSET(,0x00428530,0x4,0x06,0x000010,,0,)
OFFSET(,0x00428560,0x4,0x06,0x000010,,0,)
OFFSET(,0x004285a0,0x4,0x06,0x000010,,0,)
OFFSET(,0x004285e0,0x4,0x06,0x000010,,0,)
OFFSET(,0x00428610,0x4,0x06,0x000010,,0,)
OFFSET(,0x00428640,0x4,0x06,0x000010,,0,)
OFFSET(,0x00428670,0x4,0x06,0x000010,,0,)
OFFSET(,0x004286a0,0x4,0x06,0x000010,,0,)
OFFSET(,0x004286e0,0x4,0x06,0x000010,,0,)
OFFSET(,0x00428730,0x4,0x06,0x000010,,0,)
OFFSET(,0x00428780,0x4,0x06,0x000010,,0,)
OFFSET(,0x004287d0,0x4,0x06,0x000010,,0,)
OFFSET(,0x00428810,0x4,0x06,0x000010,,0,)
OFFSET(,0x00428860,0x4,0x06,0x000010,,0,)
OFFSET(,0x004288e0,0x4,0x06,0x000010,,0,)
OFFSET(,0x00428900,0x4,0x06,0x000010,,0,)
OFFSET(,0x00428920,0x4,0x06,0x000010,,0,)
OFFSET(,0x00428960,0x4,0x06,0x000010,,0,)
OFFSET(,0x00428990,0x4,0x06,0x000010,,0,)
OFFSET(,0x00428a10,0x4,0x06,0x000010,,0,)
OFFSET(,0x00428ad0,0x4,0x06,0x000010,,0,)
OFFSET(,0x00428b80,0x4,0x06,0x000010,,0,)
OFFSET(,0x00428c30,0x4,0x06,0x000010,,0,)
OFFSET(,0x00428cb0,0x4,0x06,0x000010,,0,)
OFFSET(,0x00428d40,0x4,0x06,0x000010,,0,)
OFFSET(,0x00428da0,0x4,0x06,0x000010,,0,)
OFFSET(,0x00428e00,0x4,0x06,0x000010,,0,)
OFFSET(,0x00428e60,0x4,0x06,0x000010,,0,)
OFFSET(,0x00428ea0,0x4,0x06,0x000010,,0,)
OFFSET(,0x00428ed0,0x4,0x06,0x000010,,0,)
OFFSET(,0x00428f30,0x4,0x06,0x000010,,0,)
OFFSET(,0x00428fa0,0x4,0x06,0x000010,,0,)
OFFSET(,0x00428ff0,0x4,0x06,0x000010,,0,)
OFFSET(,0x00429070,0x4,0x06,0x000010,,0,)
OFFSET(,0x004290f0,0x4,0x06,0x000010,,0,)
OFFSET(,0x00429170,0x4,0x06,0x000010,,0,)
OFFSET(,0x004291c0,0x4,0x06,0x000010,,0,)
OFFSET(,0x00429210,0x4,0x06,0x000010,,0,)
OFFSET(,0x004292c0,0x4,0x06,0x000010,,0,)
OFFSET(,0x00429370,0x4,0x06,0x000010,,0,)
OFFSET(,0x004293e0,0x4,0x06,0x000010,,0,)
OFFSET(,0x00429450,0x4,0x06,0x000010,,0,)
OFFSET(,0x00429470,0x4,0x06,0x000010,,0,)
OFFSET(,0x004294e0,0x4,0x06,0x000010,,0,)
OFFSET(,0x00429500,0x4,0x06,0x000010,,0,)
OFFSET(,0x00429520,0x4,0x06,0x000010,,0,)
OFFSET(,0x00429640,0x4,0x06,0x000010,,0,)
OFFSET(,0x00429680,0x4,0x06,0x000010,,0,)
OFFSET(,0x004296b0,0x4,0x06,0x000010,,0,)
OFFSET(,0x004296f0,0x4,0x06,0x000010,,0,)
OFFSET(,0x00429720,0x4,0x06,0x000010,,0,)
OFFSET(,0x00429740,0x4,0x06,0x000010,,0,)
OFFSET(,0x00429770,0x4,0x06,0x000010,,0,)
OFFSET(,0x00429780,0x4,0x06,0x000010,,0,)
OFFSET(,0x0045134c,0x4,0x07,0x010000,,0,)
OFFSET(,0x00451350,0x4,0x07,0x010000,,0,)
OFFSET(,0x00459af0,0x4,0x06,0x000010,,0,)
OFFSET(,0x0046044c,0x4,0x07,0x010000,,0,)
OFFSET(,0x004887c0,0x4,0x07,0x010000,,0,)
OFFSET(,0x00489204,0x4,0x07,0x010000,,0,)
OFFSET(,0x00492f90,0x4,0x07,0x010000,,0,)
OFFSET(,0x004a3898,0x4,0x07,0x010000,,0,)
OFFSET(,0x004a389c,0x4,0x07,0x010000,,0,)
OFFSET(,0x004b995c,0x4,0x07,0x010000,,0,)
OFFSET(,0x004bd5ec,0x4,0x07,0x010000,,0,)
OFFSET(,0x004bd5f0,0x4,0x07,0x010000,,0,)
OFFSET(,0x004d68f4,0x4,0x07,0x010000,,0,)
OFFSET(,0x004d98bc,0x4,0x07,0x010000,,0,)
OFFSET(,0x004deac0,0x4,0x06,0x000010,,0,)
OFFSET(,0x004deaf0,0x4,0x06,0x000010,,0,)
OFFSET(,0x004deb40,0x4,0x06,0x000010,,0,)
OFFSET(,0x004df260,0x4,0x06,0x000010,,0,)
OFFSET(,0x004df2c0,0x4,0x06,0x000010,,0,)
OFFSET(,0x004df300,0x4,0x06,0x000010,,0,)
OFFSET(,0x004f3288,0x4,0x07,0x010000,,0,)
OFFSET(,0x004f3360,0x4,0x07,0x010000,,0,)
OFFSET(,0x004fdfbc,0x4,0x07,0x010000,,0,)
OFFSET(,0x004ff900,0xc,0x07,0x010000,,0,)
OFFSET(,0x0050cdc0,0x101,0x24,0x000000,imgDrawPaletteIndex,0,)
OFFSET(,0x0050e064,0x4,0x00,0x000000,glMenuPalette,0,)
OFFSET(,0x005124d8,0x1c,0x00,0x000000,GameSpeedModifiers,0,)
OFFSET(,0x00512678,0x4,0x27,0x000000,g_ActiveNationID,0,)
OFFSET(,0x0051267c,0x4,0x27,0x000000,g_ActiveHumanID,0,)
OFFSET(,0x00512684,0x4,0x27,0x000000,g_LocalNationID,0,)
OFFSET(,0x00512688,0x4,0x27,0x000000,g_LocalHumanID,0,)
OFFSET(,0x00512708,0x4c,0x22,0x000000,cursorFileArray,0,)
OFFSET(,0x005128f8,0xa0,0x07,0x010000,gColorShifts,0,)
OFFSET(,0x00513b68,0x31,0x00,0x000000,scrollSpeeds,0,)
OFFSET(,0x00514178,0x442,0x00,0x000000,sgTree,0,)
OFFSET(,0x005145bc,0x4,0x00,0x000000,scratch,0,)
OFFSET(,0x005145c0,0x346,0x00,0x000000,sgUpgradeTree,0,)
OFFSET(,0x00514908,0x13e,0x00,0x000000,sgResearchTree,0,)
OFFSET(,0x00514a48,0x2b0,0x00,0x000000,sgTechUseTree,0,)
OFFSET(,0x00514cf8,0x524,0x00,0x000000,sgOrderTree,0,)
OFFSET(,0x0051521c,0x8,0x07,0x010000,advisorPortraitsIndex,0,)
OFFSET(,0x005152a8,0x54,0x07,0x010000,,0,)
OFFSET(,0x005152fc,0x4,0x00,0x000000,scratch,0,)
OFFSET(,0x00515300,0x48,0x07,0x010000,,0,)
OFFSET(,0x00515348,0x3c,0x07,0x010000,,0,)
OFFSET(,0x00515384,0x4,0x00,0x000000,scratch,0,)
OFFSET(,0x00515388,0x60,0x07,0x010000,,0,)
OFFSET(,0x00515af8,0x10,0x00,0x000000,,0,)
OFFSET(,0x00515b08,0x10,0x00,0x000000,,0,)
OFFSET(,0x00515b18,0x20,0x00,0x000000,,0,)
OFFSET(,0x00515b38,0x20,0x00,0x000000,,0,)
OFFSET(,0x00515b58,0x8,0x00,0x000000,,0,)
OFFSET(,0x00515b60,0x8,0x00,0x000000,,0,)
OFFSET(,0x00515b68,0x8,0x00,0x000000,,0,)
OFFSET(,0x00515b70,0x78,0x00,0x000000,wpnDamageMultiplier,0,)
OFFSET(,0x00515be8,0x3c,0x06,0x000000,,0,)
OFFSET(,0x00515be8,0x4,0x09,0x000010,,0,)
OFFSET(,0x00515c24,0x3c,0x06,0x000000,,0,)
OFFSET(,0x00515c24,0x4,0x09,0x000010,,0,)
OFFSET(,0x00515c60,0x14,0x06,0x000000,,0,)
OFFSET(,0x00515c60,0x4,0x09,0x000010,,0,)
OFFSET(,0x00515c74,0x14,0x06,0x000000,,0,)
OFFSET(,0x00515c74,0x4,0x09,0x000010,,0,)
OFFSET(,0x00515c88,0x14,0x06,0x000000,,0,)
OFFSET(,0x00515c88,0x4,0x09,0x000010,,0,)
OFFSET(,0x00515c9c,0x28,0x06,0x000000,,0,)
OFFSET(,0x00515c9c,0x4,0x09,0x000010,,0,)
OFFSET(,0x00515cc4,0x14,0x06,0x000000,,0,)
OFFSET(,0x00515cc4,0x4,0x09,0x000010,,0,)
OFFSET(,0x00515cd8,0x28,0x06,0x000000,,0,)
OFFSET(,0x00515cd8,0x4,0x09,0x000010,,0,)
OFFSET(,0x00515d00,0x14,0x06,0x000000,,0,)
OFFSET(,0x00515d00,0x4,0x09,0x000010,,0,)
OFFSET(,0x00515d14,0x3c,0x06,0x000000,,0,)
OFFSET(,0x00515d14,0x4,0x09,0x000010,,0,)
OFFSET(,0x00515d50,0x14,0x06,0x000000,,0,)
OFFSET(,0x00515d50,0x4,0x09,0x000010,,0,)
OFFSET(,0x00515d64,0x4,0x00,0x000000,scratch,0,)
OFFSET(,0x00515d68,0x64,0x06,0x000000,,0,)
OFFSET(,0x00515d68,0x4,0x09,0x000010,,0,)
OFFSET(,0x00515dd0,0x64,0x06,0x000000,BTNS_Military,0,)
OFFSET(,0x00515dd0,0x4,0x09,0x000010,BTNS_Military,0,)
OFFSET(,0x00515e34,0x4,0x00,0x000000,scratch,0,)
OFFSET(,0x00515e38,0x64,0x06,0x000000,,0,)
OFFSET(,0x00515e38,0x4,0x09,0x000010,,0,)
OFFSET(,0x00515e9c,0x4,0x00,0x000000,scratch,0,)
OFFSET(,0x00515ea0,0x8c,0x06,0x000000,BTNS_Transport,0,)
OFFSET(,0x00515ea0,0x4,0x09,0x000010,BTNS_Transport,0,)
OFFSET(,0x00515f2c,0x28,0x06,0x000000,BTNS_Turret,0,)
OFFSET(,0x00515f2c,0x4,0x09,0x000010,BTNS_Turret,0,)
OFFSET(,0x00515f54,0x4,0x00,0x000000,scratch,0,)
OFFSET(,0x00515f58,0xb4,0x06,0x000000,BTNS_Larva,0,)
OFFSET(,0x00515f58,0x4,0x09,0x000010,BTNS_Larva,0,)
OFFSET(,0x0051600c,0x14,0x06,0x000000,BTNS_UnitMorphing,0,)
OFFSET(,0x0051600c,0x4,0x09,0x000010,BTNS_UnitMorphing,0,)
OFFSET(,0x00516020,0xb4,0x06,0x000000,BTNS_Drone,0,)
OFFSET(,0x00516020,0x4,0x09,0x000010,BTNS_Drone,0,)
OFFSET(,0x005160d4,0x4,0x00,0x000000,scratch,0,)
OFFSET(,0x005160d8,0x8c,0x06,0x000000,,0,)
OFFSET(,0x005160d8,0x4,0x09,0x000010,,0,)
OFFSET(,0x00516164,0x4,0x00,0x000000,scratch,0,)
OFFSET(,0x00516168,0x78,0x06,0x000000,,0,)
OFFSET(,0x00516168,0x4,0x09,0x000010,,0,)
OFFSET(,0x005161e0,0x8c,0x06,0x000000,BTNS_MilitaryBurrow,0,)
OFFSET(,0x005161e0,0x4,0x09,0x000010,BTNS_MilitaryBurrow,0,)
OFFSET(,0x0051626c,0x4,0x00,0x000000,scratch,0,)
OFFSET(,0x00516270,0xa0,0x06,0x000000,BTNS_Hydralisk,0,)
OFFSET(,0x00516270,0x4,0x09,0x000010,BTNS_Hydralisk,0,)
OFFSET(,0x00516310,0x8c,0x06,0x000000,BTNS_Mutalisk,0,)
OFFSET(,0x00516310,0x4,0x09,0x000010,BTNS_Mutalisk,0,)
OFFSET(,0x0051639c,0x4,0x00,0x000000,scratch,0,)
OFFSET(,0x005163a0,0x8c,0x06,0x000000,BTNS_Lurker,0,)
OFFSET(,0x005163a0,0x4,0x09,0x000010,BTNS_Lurker,0,)
OFFSET(,0x0051642c,0x4,0x00,0x000000,scratch,0,)
OFFSET(,0x00516430,0xb4,0x06,0x000000,BTNS_FlyingBuilding,0,)
OFFSET(,0x00516430,0x4,0x09,0x000010,BTNS_FlyingBuilding,0,)
OFFSET(,0x005164e4,0x4,0x00,0x000000,scratch,0,)
OFFSET(,0x005164e8,0xb4,0x06,0x000000,BTNS_Defiler,0,)
OFFSET(,0x005164e8,0x4,0x09,0x000010,BTNS_Defiler,0,)
OFFSET(,0x0051659c,0x4,0x00,0x000000,scratch,0,)
OFFSET(,0x005165a0,0x8c,0x06,0x000000,BTNS_InfestedTerran,0,)
OFFSET(,0x005165a0,0x4,0x09,0x000010,BTNS_InfestedTerran,0,)
OFFSET(,0x0051662c,0x4,0x00,0x000000,scratch,0,)
OFFSET(,0x00516630,0xc8,0x06,0x000000,BTNS_InfestedKerrigan,0,)
OFFSET(,0x00516630,0x4,0x09,0x000010,BTNS_InfestedKerrigan,0,)
OFFSET(,0x005166f8,0xb4,0x06,0x000000,BTNS_InfestedDuran,0,)
OFFSET(,0x005166f8,0x4,0x09,0x000010,BTNS_InfestedDuran,0,)
OFFSET(,0x005167ac,0x4,0x00,0x000000,scratch,0,)
OFFSET(,0x005167b0,0x64,0x06,0x000000,BTNS_Hatchery,0,)
OFFSET(,0x005167b0,0x4,0x09,0x000010,BTNS_Hatchery,0,)
OFFSET(,0x00516814,0x4,0x00,0x000000,scratch,0,)
OFFSET(,0x00516818,0xb4,0x06,0x000000,BTNS_Lair,0,)
OFFSET(,0x00516818,0x4,0x09,0x000010,BTNS_Lair,0,)
OFFSET(,0x005168cc,0x4,0x00,0x000000,scratch,0,)
OFFSET(,0x005168d0,0xa0,0x06,0x000000,BTNS_Hive,0,)
OFFSET(,0x005168d0,0x4,0x09,0x000010,BTNS_Hive,0,)
OFFSET(,0x00516970,0x14,0x06,0x000000,BTNS_NydusCanal,0,)
OFFSET(,0x00516970,0x4,0x09,0x000010,BTNS_NydusCanal,0,)
OFFSET(,0x00516984,0x4,0x00,0x000000,scratch,0,)
OFFSET(,0x00516988,0x50,0x06,0x000000,BTNS_Spire,0,)
OFFSET(,0x00516988,0x4,0x09,0x000010,BTNS_Spire,0,)
OFFSET(,0x005169d8,0x3c,0x06,0x000000,BTNS_GreaterSpire,0,)
OFFSET(,0x005169d8,0x4,0x09,0x000010,BTNS_GreaterSpire,0,)
OFFSET(,0x00516a14,0x3c,0x06,0x000000,BTNS_SpawningPool,0,)
OFFSET(,0x00516a14,0x4,0x09,0x000010,BTNS_SpawningPool,0,)
OFFSET(,0x00516a50,0x28,0x06,0x000000,BTNS_CreepColony,0,)
OFFSET(,0x00516a50,0x4,0x09,0x000010,BTNS_CreepColony,0,)
OFFSET(,0x00516a78,0x64,0x06,0x000000,BTNS_HydraliskDen,0,)
OFFSET(,0x00516a78,0x4,0x09,0x000010,BTNS_HydraliskDen,0,)
OFFSET(,0x00516adc,0x4,0x00,0x000000,scratch,0,)
OFFSET(,0x00516ae0,0x64,0x06,0x000000,BTNS_QueensNest,0,)
OFFSET(,0x00516ae0,0x4,0x09,0x000010,BTNS_QueensNest,0,)
OFFSET(,0x00516b44,0x4,0x00,0x000000,scratch,0,)
OFFSET(,0x00516b48,0x64,0x06,0x000000,BTNS_DefilerMound,0,)
OFFSET(,0x00516b48,0x4,0x09,0x000010,BTNS_DefilerMound,0,)
OFFSET(,0x00516bac,0x4,0x00,0x000000,scratch,0,)
OFFSET(,0x00516bb0,0x50,0x06,0x000000,BTNS_EvolutionChamber,0,)
OFFSET(,0x00516bb0,0x4,0x09,0x000010,BTNS_EvolutionChamber,0,)
OFFSET(,0x00516c00,0x3c,0x06,0x000000,BTNS_UltraliskCavern,0,)
OFFSET(,0x00516c00,0x4,0x09,0x000010,BTNS_UltraliskCavern,0,)
OFFSET(,0x00516c3c,0x3c,0x06,0x000000,BTNS_Nexus,0,)
OFFSET(,0x00516c3c,0x4,0x09,0x000010,BTNS_Nexus,0,)
OFFSET(,0x00516c78,0x8c,0x06,0x000000,BTNS_Probe,0,)
OFFSET(,0x00516c78,0x4,0x09,0x000010,BTNS_Probe,0,)
OFFSET(,0x00516d04,0x4,0x00,0x000000,scratch,0,)
OFFSET(,0x00516d08,0xb4,0x06,0x000000,,0,)
OFFSET(,0x00516d08,0x4,0x09,0x000010,,0,)
OFFSET(,0x00516dbc,0x4,0x00,0x000000,scratch,0,)
OFFSET(,0x00516dc0,0xb4,0x06,0x000000,,0,)
OFFSET(,0x00516dc0,0x4,0x09,0x000010,,0,)
OFFSET(,0x00516e74,0x4,0x00,0x000000,scratch,0,)
OFFSET(,0x00516e78,0xa0,0x06,0x000000,BTNS_HighTemplar,0,)
OFFSET(,0x00516e78,0x4,0x09,0x000010,BTNS_HighTemplar,0,)
OFFSET(,0x00516f18,0x8c,0x06,0x000000,BTNS_DarkTemplar,0,)
OFFSET(,0x00516f18,0x4,0x09,0x000010,BTNS_DarkTemplar,0,)
OFFSET(,0x00516fa4,0x4,0x00,0x000000,scratch,0,)
OFFSET(,0x00516fa8,0x8c,0x06,0x000000,BTNS_Carrier,0,)
OFFSET(,0x00516fa8,0x4,0x09,0x000010,BTNS_Carrier,0,)
OFFSET(,0x00517034,0x4,0x00,0x000000,scratch,0,)
OFFSET(,0x00517038,0x8c,0x06,0x000000,BTNS_Reaver,0,)
OFFSET(,0x00517038,0x4,0x09,0x000010,BTNS_Reaver,0,)
OFFSET(,0x005170c4,0x4,0x00,0x000000,scratch,0,)
OFFSET(,0x005170c8,0x8c,0x06,0x000000,BTNS_Arbiter,0,)
OFFSET(,0x005170c8,0x4,0x09,0x000010,BTNS_Arbiter,0,)
OFFSET(,0x00517154,0x4,0x00,0x000000,scratch,0,)
OFFSET(,0x00517158,0x8c,0x06,0x000000,BTNS_HeroTemplar,0,)
OFFSET(,0x00517158,0x4,0x09,0x000010,BTNS_HeroTemplar,0,)
OFFSET(,0x005171e4,0x4,0x00,0x000000,scratch,0,)
OFFSET(,0x005171e8,0x78,0x06,0x000000,BTNS_Corsair,0,)
OFFSET(,0x005171e8,0x4,0x09,0x000010,BTNS_Corsair,0,)
OFFSET(,0x00517260,0x8c,0x06,0x000000,BTNS_DarkArchon,0,)
OFFSET(,0x00517260,0x4,0x09,0x000010,BTNS_DarkArchon,0,)
OFFSET(,0x005172ec,0x4,0x00,0x000000,scratch,0,)
OFFSET(,0x005172f0,0x64,0x06,0x000000,BTNS_RoboticsFacility,0,)
OFFSET(,0x005172f0,0x4,0x09,0x000010,BTNS_RoboticsFacility,0,)
OFFSET(,0x00517354,0x4,0x00,0x000000,scratch,0,)
OFFSET(,0x00517358,0x78,0x06,0x000000,BTNS_Gateway,0,)
OFFSET(,0x00517358,0x4,0x09,0x000010,BTNS_Gateway,0,)
OFFSET(,0x005173d0,0x78,0x06,0x000000,BTNS_Stargate,0,)
OFFSET(,0x005173d0,0x4,0x09,0x000010,BTNS_Stargate,0,)
OFFSET(,0x00517448,0x28,0x06,0x000000,BTNS_CitadelOfAdun,0,)
OFFSET(,0x00517448,0x4,0x09,0x000010,BTNS_CitadelOfAdun,0,)
OFFSET(,0x00517470,0x50,0x06,0x000000,BTNS_CyberneticsCore,0,)
OFFSET(,0x00517470,0x4,0x09,0x000010,BTNS_CyberneticsCore,0,)
OFFSET(,0x005174c0,0xa0,0x06,0x000000,BTNS_TemplarArchives,0,)
OFFSET(,0x005174c0,0x4,0x09,0x000010,BTNS_TemplarArchives,0,)
OFFSET(,0x00517560,0x50,0x06,0x000000,BTNS_Forge,0,)
OFFSET(,0x00517560,0x4,0x09,0x000010,BTNS_Forge,0,)
OFFSET(,0x005175b0,0x8c,0x06,0x000000,BTNS_FleetBeacon,0,)
OFFSET(,0x005175b0,0x4,0x09,0x000010,BTNS_FleetBeacon,0,)
OFFSET(,0x0051763c,0x4,0x00,0x000000,scratch,0,)
OFFSET(,0x00517640,0x64,0x06,0x000000,BTNS_ArbiterTribunal,0,)
OFFSET(,0x00517640,0x4,0x09,0x000010,BTNS_ArbiterTribunal,0,)
OFFSET(,0x005176a4,0x4,0x00,0x000000,scratch,0,)
OFFSET(,0x005176a8,0x50,0x06,0x000000,BTNS_RoboticsSupportBay,0,)
OFFSET(,0x005176a8,0x4,0x09,0x000010,BTNS_RoboticsSupportBay,0,)
OFFSET(,0x005176f8,0x14,0x06,0x000000,BTNS_ShieldBattery,0,)
OFFSET(,0x005176f8,0x4,0x09,0x000010,BTNS_ShieldBattery,0,)
OFFSET(,0x0051770c,0x3c,0x06,0x000000,BTNS_Observatory,0,)
OFFSET(,0x0051770c,0x4,0x09,0x000010,BTNS_Observatory,0,)
OFFSET(,0x00517748,0x8c,0x06,0x000000,,0,)
OFFSET(,0x00517748,0x4,0x09,0x000010,,0,)
OFFSET(,0x005177d4,0x4,0x00,0x000000,scratch,0,)
OFFSET(,0x005177d8,0x78,0x06,0x000000,BTNS_Stimpack,0,)
OFFSET(,0x005177d8,0x4,0x09,0x000010,BTNS_Stimpack,0,)
OFFSET(,0x00517850,0x8c,0x06,0x000000,BTNS_Medic,0,)
OFFSET(,0x00517850,0x4,0x09,0x000010,BTNS_Medic,0,)
OFFSET(,0x005178dc,0x4,0x00,0x000000,scratch,0,)
OFFSET(,0x005178e0,0xb4,0x06,0x000000,BTNS_SCV,0,)
OFFSET(,0x005178e0,0x4,0x09,0x000010,BTNS_SCV,0,)
OFFSET(,0x00517994,0x4,0x00,0x000000,scratch,0,)
OFFSET(,0x00517998,0xb4,0x06,0x000000,,0,)
OFFSET(,0x00517998,0x4,0x09,0x000010,,0,)
OFFSET(,0x00517a4c,0x4,0x00,0x000000,scratch,0,)
OFFSET(,0x00517a50,0x64,0x06,0x000000,,0,)
OFFSET(,0x00517a50,0x4,0x09,0x000010,,0,)
OFFSET(,0x00517ab4,0x4,0x00,0x000000,scratch,0,)
OFFSET(,0x00517ab8,0xb4,0x06,0x000000,BTNS_Ghost,0,)
OFFSET(,0x00517ab8,0x4,0x09,0x000010,BTNS_Ghost,0,)
OFFSET(,0x00517b6c,0x4,0x00,0x000000,scratch,0,)
OFFSET(,0x00517b70,0xa0,0x06,0x000000,BTNS_HeroGhost,0,)
OFFSET(,0x00517b70,0x4,0x09,0x000010,BTNS_HeroGhost,0,)
OFFSET(,0x00517c10,0x78,0x06,0x000000,BTNS_Vulture,0,)
OFFSET(,0x00517c10,0x4,0x09,0x000010,BTNS_Vulture,0,)
OFFSET(,0x00517c88,0x8c,0x06,0x000000,BTNS_SiegeTank,0,)
OFFSET(,0x00517c88,0x4,0x09,0x000010,BTNS_SiegeTank,0,)
OFFSET(,0x00517d14,0x4,0x00,0x000000,unused,0,)
OFFSET(,0x00517d18,0x8c,0x06,0x000000,BTNS_Wraith,0,)
OFFSET(,0x00517d18,0x4,0x09,0x000010,BTNS_Wraith,0,)
OFFSET(,0x00517da4,0x4,0x00,0x000000,scratch,0,)
OFFSET(,0x00517da8,0xa0,0x06,0x000000,BTNS_ScienceVessel,0,)
OFFSET(,0x00517da8,0x4,0x09,0x000010,BTNS_ScienceVessel,0,)
OFFSET(,0x00517e48,0x78,0x06,0x000000,BTNS_Battlecruiser,0,)
OFFSET(,0x00517e48,0x4,0x09,0x000010,BTNS_Battlecruiser,0,)
OFFSET(,0x00517ec0,0x78,0x06,0x000000,BTNS_RaynorVulture,0,)
OFFSET(,0x00517ec0,0x4,0x09,0x000010,BTNS_RaynorVulture,0,)
OFFSET(,0x00517f38,0xc8,0x06,0x000000,BTNS_CommandCenter,0,)
OFFSET(,0x00517f38,0x4,0x09,0x000010,BTNS_CommandCenter,0,)
OFFSET(,0x00518000,0x14,0x06,0x000000,BTNS_ComsatStation,0,)
OFFSET(,0x00518000,0x4,0x09,0x000010,BTNS_ComsatStation,0,)
OFFSET(,0x00518014,0x28,0x06,0x000000,BTNS_NuclearSilo,0,)
OFFSET(,0x00518014,0x4,0x09,0x000010,BTNS_NuclearSilo,0,)
OFFSET(,0x0051803c,0x28,0x06,0x000000,BTNS_Bunker,0,)
OFFSET(,0x0051803c,0x4,0x09,0x000010,BTNS_Bunker,0,)
OFFSET(,0x00518068,0xdc,0x06,0x000000,BTNS_Barracks,0,)
OFFSET(,0x00518068,0x4,0x09,0x000010,BTNS_Barracks,0,)
OFFSET(,0x00518144,0x4,0x00,0x000000,scratch,0,)
OFFSET(,0x00518148,0xf0,0x06,0x000000,BTNS_Factory,0,)
OFFSET(,0x00518148,0x4,0x09,0x000010,BTNS_Factory,0,)
OFFSET(,0x00518238,0xf0,0x06,0x000000,BTNS_ScienceFacility,0,)
OFFSET(,0x00518238,0x4,0x09,0x000010,BTNS_ScienceFacility,0,)
OFFSET(,0x00518328,0x104,0x06,0x000000,BTNS_Starport,0,)
OFFSET(,0x00518328,0x4,0x09,0x000010,BTNS_Starport,0,)
OFFSET(,0x0051842c,0x4,0x00,0x000000,scratch,0,)
OFFSET(,0x00518430,0x50,0x06,0x000000,BTNS_ControlTower,0,)
OFFSET(,0x00518430,0x4,0x09,0x000010,BTNS_ControlTower,0,)
OFFSET(,0x00518480,0x8c,0x06,0x000000,BTNS_EngineeringBay,0,)
OFFSET(,0x00518480,0x4,0x09,0x000010,BTNS_EngineeringBay,0,)
OFFSET(,0x0051850c,0x4,0x00,0x000000,scratch,0,)
OFFSET(,0x00518510,0x78,0x06,0x000000,BTNS_CovertOps,0,)
OFFSET(,0x00518510,0x4,0x09,0x000010,BTNS_CovertOps,0,)
OFFSET(,0x00518588,0x50,0x06,0x000000,BTNS_PhysicsLab,0,)
OFFSET(,0x00518588,0x4,0x09,0x000010,BTNS_PhysicsLab,0,)
OFFSET(,0x005185d8,0x64,0x06,0x000000,BTNS_Armory,0,)
OFFSET(,0x005185d8,0x4,0x09,0x000010,BTNS_Armory,0,)
OFFSET(,0x0051863c,0x4,0x00,0x000000,scratch,0,)
OFFSET(,0x00518640,0x8c,0x06,0x000000,BTNS_Academy,0,)
OFFSET(,0x00518640,0x4,0x09,0x000010,BTNS_Academy,0,)
OFFSET(,0x005186cc,0x4,0x00,0x000000,scratch,0,)
OFFSET(,0x005186d0,0x78,0x06,0x000000,BTNS_MachineSHop,0,)
OFFSET(,0x005186d0,0x4,0x09,0x000010,BTNS_MachineSHop,0,)
OFFSET(,0x00518748,0x8c,0x06,0x000000,BTNS_InfestedCommandCenter,0,)
OFFSET(,0x00518748,0x4,0x09,0x000010,BTNS_InfestedCommandCenter,0,)
OFFSET(,0x005187d4,0x14,0x06,0x000000,BTNS_FlagBeacon,0,)
OFFSET(,0x005187d4,0x4,0x09,0x000010,BTNS_FlagBeacon,0,)
OFFSET(,0x005187e8,0xbb8,0x09,0x000000,,0,)
OFFSET(,0x005193a0,0xab0,0x2f,0x000000,,0,)
OFFSET(,0x0051a280,0xc,0x04,0x000000,,0,)
OFFSET(,0x0051a28c,0xc,0x04,0x000000,,0,)
OFFSET(,0x0051a298,0xc,0x04,0x000000,,0,)
OFFSET(,0x0051a2a4,0xc,0x04,0x000000,,0,)
OFFSET(,0x0051a2b0,0xc,0x04,0x000000,,0,)
OFFSET(,0x0051a2bc,0xc,0x04,0x000000,,0,)
OFFSET(,0x0051a2c8,0xc,0x04,0x000000,,0,)
OFFSET(,0x0051a2d4,0xc,0x04,0x000000,,0,)
OFFSET(,0x0051a424,0x16,0x07,0x010000,scratch,0,)
OFFSET(,0x0051a440,0x17,0x07,0x010000,scratch,0,)
OFFSET(,0x0051aab0,0x17,0x07,0x010000,scratch,0,)
OFFSET(,0x0051aac8,0x17,0x07,0x010000,scratch,0,)
OFFSET(,0x0051aae0,0x17,0x07,0x010000,scratch,0,)
OFFSET(,0x0051ab94,0x19,0x07,0x010000,scratch,0,)
OFFSET(,0x0051abb0,0x10,0x07,0x010000,speedSettingsCallbacks,0,)
OFFSET(,0x0051abc0,0x14,0x07,0x010000,videoSettingsCallbacks,0,)
OFFSET(,0x0051abd4,0x1a,0x07,0x010000,scratch,0,)
OFFSET(,0x0051abf0,0xc,0x07,0x010000,tipsDialogCallbacks,0,)
OFFSET(,0x0051abfc,0x14,0x00,0x000000,,0,)
OFFSET(,0x0051ac10,0x19,0x07,0x010000,scratch,0,)
OFFSET(,0x0051ac2c,0x18,0x07,0x010000,scratch,0,)
OFFSET(,0x0051ac48,0x12,0x07,0x010000,scratch,0,)
OFFSET(,0x0051ac5c,0x17,0x07,0x010000,scratch,0,)
OFFSET(,0x0051ac74,0x10,0x07,0x010000,loadSaveDialogCallbacks,0,)
OFFSET(,0x0051ad18,0x16,0x07,0x010000,scratch,0,)
OFFSET(,0x0051baf8,0x100,0x07,0x010000,scratch,0,)
OFFSET(,0x0051ca14,0x4,0x00,0x000000,lastRandomNumber,0,)
OFFSET(,0x0051ce70,0x1c,0x00,0x000002,latencyFrameCount,0,)
OFFSET(,0x0051ce8c,0x4,0x00,0x000000,lastInputTickCount,1,)
OFFSET(,0x0051ce98,0x4,0x00,0x000000,fowUpdateCounter,0,)
OFFSET(,0x0051cea0,0x4,0x00,0x000002,currentSpeedLatFrameCount,0,)
OFFSET(,0x0051ced0,0xf9c,0x00,0x000002,imagesGRPGraphic,0,)
OFFSET(,0x0051f2a8,0x4e0c,0x00,0x000002,imagesAttackOverlayGraphic,0,)
OFFSET(,0x005240d0,0x3e7,0x00,0x000000,imagesDamageOverlayFrame,0,)
OFFSET(,0x0052e4c0,0x4,0x00,0x000000,pFirstSelectionCircleImage,1,)
OFFSET(,0x0052e5c8,0xf9c,0x00,0x000002,imagesShieldOverlayGraphic,0,)
OFFSET(,0x0052f568,0x4e200,0x3b,0x000000,images,0,)
OFFSET(,0x0057eb68,0x4,0x3a,0x080000,pFirstImage,0,)
OFFSET(,0x0057eb70,0x4,0x3a,0x100000,pLastImage,0,)
OFFSET(,0x0057eee0,0x1b0,0x08,0x000000,playerInfo,0,)
OFFSET(,0x0057f090,0x4,0x00,0x000002,provider_LatencyCalls,0,)
OFFSET(,0x0057f0b4,0x1,0x00,0x000002,gbMultiPlayerMode,0,)
OFFSET(,0x0057f0d8,0x4,0x00,0x000002,provider_maxBufferSize,0,)
OFFSET(,0x005967f8,0x8d,0x00,0x000000,netMakeGameData,0,)
OFFSET(,0x00596a18,0xff,0x2b,0x000000,VK_Array,1,)
OFFSET(,0x00597208,0x34,0x29,0x000000,localSelectionGroup,1,)
OFFSET(,0x00597238,0x4,0x00,0x000000,pGameScreenInfo,0,)
OFFSET(,0x0059723c,0x1,0x00,0x000000,bUnitSelectionNeedsUpdate,1,)
OFFSET(,0x005973a0,0x2000,0x07,0x010000,dark_pcx_imageBuffer,0,)
OFFSET(,0x005993c4,0x4,0x1a,0x000020,gfpMIMap,0,)
OFFSET(,0x005993d4,0x4,0x01,0x000020,pChkStrings,0,)
OFFSET(,0x0059c6c0,0x400,0x07,0x010000,picturePalette_Copy,0,)
OFFSET(,0x0059cb5c,0x4,0x2c,0x000020,,0,)
OFFSET(,0x0059cb60,0x100,0x07,0x010000,minimap palette,0,)
OFFSET(,0x0059cc78,0x4,0x00,0x000000,countdownTimeRemaining,0,)
OFFSET(,0x0059cc80,0x4,0x00,0x000000,dropTimer,1,)
OFFSET(,0x0059cca8,0x8b740,0x32,0x000000,units,0,)
OFFSET(,0x006283f0,0x4,0x00,0x000002,usedUnitCount,0,)
OFFSET(,0x006283f8,0x30,0x25,0x000000,playerUnitPointers,0,)
OFFSET(,0x00628428,0x4,0x33,0x000000,LastHiddenUnitPointer,0,)
OFFSET(,0x0062842c,0x4,0x33,0x000000,unknownPointer?,0,)
OFFSET(,0x00628430,0x4,0x33,0x000000,FirstUnitPointer,0,)
OFFSET(,0x00628434,0x4,0x33,0x000000,LastScannerSweepPointer,0,)
OFFSET(,0x00628438,0x4,0x33,0x000000,pFirstEmptyUnit,0,)
OFFSET(,0x0062843c,0x4,0x33,0x000000,pLastEmptyUnit,0,)
OFFSET(,0x00628444,0x4,0x1e,0x000020,vr4FileHandle,0,)
OFFSET(,0x00628448,0x4,0x00,0x000002,screenX,1,)
OFFSET(,0x00628454,0x4,0x1d,0x000020,terrainCacheBitmap,1,)
OFFSET(,0x00628458,0x4,0x21,0x000020,vx4FileHandle,0,)
OFFSET(,0x00628470,0x4,0x00,0x000002,screenY,1,)
OFFSET(,0x0062848c,0x4,0x00,0x000002,glScrollPixelX,1,)
OFFSET(,0x00628494,0x4,0x1b,0x000020,gfpCellMap,1,)
OFFSET(,0x00628498,0x2,0x00,0x000002,__scrMoveX,1,)
OFFSET(,0x006284a8,0x4,0x00,0x000002,glScrollPixelY,1,)
OFFSET(,0x006284ac,0x2,0x00,0x000002,__scrMoveY,1,)
OFFSET(,0x006284b8,0x30,0x26,0x000000,CurrentUnitSelection,1,)
OFFSET(,0x006284e8,0x180,0x30,0x000000,AllPlayerSelectionGroups,0,)
OFFSET(,0x00629c90,0x100,0x00,0x000000,regionVisionFilter,1,)
OFFSET(,0x00629d98,0x15f90,0x3d,0x000000,Sprites,0,)
OFFSET(,0x0063fe30,0x4,0x3c,0x080000,pFirstEmptySprite,0,)
OFFSET(,0x0063fe34,0x4,0x3c,0x100000,pLastEmptySprite,0,)
OFFSET(,0x0063fed8,0x4,0x00,0x000000,,0,)
OFFSET(,0x0063ff40,0x4,0x00,0x000000,,0,)
OFFSET(,0x0063ff78,0x33c,0x2e,0x000000,TerranSoundList,0,)
OFFSET(,0x006402b8,0x290,0x2e,0x000000,zergSoundList,0,)
OFFSET(,0x00640550,0x31a,0x2e,0x000000,ProtossSoundList,0,)
OFFSET(,0x0064086c,0x4,0x00,0x000000,useQuietSounds,0,)
OFFSET(,0x00640b58,0x1,0x00,0x000000,nextDisplayTextLine,1,)
OFFSET(,0x00640b5c,0x4,0x00,0x000000,scratch,0,)
OFFSET(,0x00640b60,0xb12,0x28,0x000000,gameText,1,)
OFFSET(,0x0064169c,0x4,0x00,0x000000,scratch,0,)
OFFSET(,0x006416a0,0x9c40,0x3f,0x000000,Orders,0,)
OFFSET(,0x0064b2e0,0x4,0x41,0x080000,pFirstOrder,0,)
OFFSET(,0x0064b2e4,0x4,0x41,0x100000,pLastOrder,0,)
OFFSET(,0x0064b2e8,0x2bc0,0x37,0x000000,Bullets,0,)
OFFSET(,0x0064debc,0x4,0x00,0x000000,bulletCount,0,)
OFFSET(,0x0064eed8,0x4,0x36,0x080000,pFirstUnusedBullet,0,)
OFFSET(,0x0064eedc,0x4,0x36,0x100000,pLastUnusedBullet,0,)
OFFSET(,0x006509a0,0x2,0x00,0x000000,triggerTimer,0,)
OFFSET(,0x006509b0,0x4,0x00,0x000000,currentTrigPlayerID,0,)
OFFSET(,0x00654880,0x200,0x00,0x000000,TurnBuffer,1,)
OFFSET(,0x00654aa0,0x4,0x00,0x000000,sgdwBytesInCmdQueue,1,)
OFFSET(,0x006556e4,0x4,0x00,0x000000,gdwLatency,0,)
OFFSET(,0x00655700,0x3d,0x00,0x000000,upgrades_repeats,0,)
OFFSET(,0x00655740,0x7a,0x00,0x000000,upgrades_OreCostBase,0,)
OFFSET(,0x006557bc,0x4,0x00,0x000000,scratch,0,)
OFFSET(,0x006557c0,0x7a,0x00,0x000000,upgrades_GasCostFactor,0,)
OFFSET(,0x0065583c,0x4,0x00,0x000000,scratch,0,)
OFFSET(,0x00655840,0x7a,0x00,0x000000,upgrades_GasCostBase,0,)
OFFSET(,0x006558c0,0x7a,0x00,0x000000,guwUpgradeDepIndex,0,)
OFFSET(,0x00655940,0x7a,0x00,0x000000,upgrades_TimeCostFactor,0,)
OFFSET(,0x006559bc,0x4,0x00,0x000000,scratch,0,)
OFFSET(,0x006559c0,0x7a,0x00,0x000000,upgrades_OreCostFactor,0,)
OFFSET(,0x00655a40,0x7a,0x00,0x000000,upgrades_label,0,)
OFFSET(,0x00655ac0,0x7a,0x00,0x000000,upgrades_Icon,0,)
OFFSET(,0x00655b3c,0x3d,0x00,0x000000,upgrades_isBroodwar,0,)
OFFSET(,0x00655b7c,0x4,0x00,0x000000,scratch,0,)
OFFSET(,0x00655b80,0x7a,0x00,0x000000,upgrades_TimeCostBase,0,)
OFFSET(,0x00655bfc,0x3d,0x00,0x000000,upgrades_race,0,)
OFFSET(,0x00655c58,0x1b8,0x07,0x010000,portdata_IdleDir,0,)
OFFSET(,0x00655e80,0x1b8,0x07,0x010000,portdata_TalkingDir,0,)
OFFSET(,0x00656198,0x58,0x00,0x000000,guwTechDepIndex,0,)
OFFSET(,0x006561f0,0x58,0x00,0x000000,techdata_GasCost,0,)
OFFSET(,0x00656248,0x58,0x00,0x000000,techdata_oreCost,0,)
OFFSET(,0x006562a0,0x58,0x00,0x000000,techdata_label,0,)
OFFSET(,0x006562f8,0x58,0x00,0x000000,guwTechUseDepIndex,0,)
OFFSET(,0x00656350,0x2c,0x00,0x000000,techdata_DefaultResearched,0,)
OFFSET(,0x0065637c,0x4,0x00,0x000000,scratch,0,)
OFFSET(,0x00656380,0x58,0x00,0x000000,techdata_EnergyCost,0,)
OFFSET(,0x006563d8,0x58,0x00,0x000000,techdata_TimeCost,0,)
OFFSET(,0x00656430,0x58,0x00,0x000000,techdata_Icon,0,)
OFFSET(,0x00656488,0x2c,0x00,0x000000,techdata_race,0,)
OFFSET(,0x006564b4,0x2c,0x00,0x000000,techdata_isBroodwar,0,)
OFFSET(,0x006564e0,0x82,0x00,0x000000,weaponsdat_dmgFactor,0,)
OFFSET(,0x00656568,0x104,0x00,0x000000,weaponsdat_targetErrorStr,0,)
OFFSET(,0x00656670,0x82,0x00,0x000000,gubWeapFireType,0,)
OFFSET(,0x006566f4,0x4,0x00,0x000000,scratch,0,)
OFFSET(,0x006566f8,0x82,0x00,0x000000,gubWeapDamageType,0,)
OFFSET(,0x0065677c,0x4,0x00,0x000000,scratch,0,)
OFFSET(,0x00656780,0x104,0x00,0x000000,weaponsdat_icon,0,)
OFFSET(,0x00656884,0x4,0x00,0x000000,scratch,0,)
OFFSET(,0x00656888,0x104,0x00,0x000000,weaponsdat_innerSplash,0,)
OFFSET(,0x0065698c,0x4,0x00,0x000000,scratch,0,)
OFFSET(,0x00656990,0x82,0x00,0x000000,weaponsdat_AttackAngle,0,)
OFFSET(,0x00656a14,0x4,0x00,0x000000,scratch,0,)
OFFSET(,0x00656a18,0x208,0x00,0x000000,weaponsdat_minRange,0,)
OFFSET(,0x00656c20,0x82,0x00,0x000000,weaponsdat_upwardOffset,0,)
OFFSET(,0x00656ca4,0x4,0x00,0x000000,scratch,0,)
OFFSET(,0x00656ca8,0x208,0x00,0x000000,weaponsdat_graphics,0,)
OFFSET(,0x00656eb0,0x104,0x00,0x000000,weaponsdat_dmgAmount,0,)
OFFSET(,0x00656fb4,0x4,0x00,0x000000,scratch,0,)
OFFSET(,0x00656fb8,0x82,0x00,0x000000,gnWeapCooldown,0,)
OFFSET(,0x0065703c,0x4,0x00,0x000000,scratch,0,)
OFFSET(,0x00657040,0x82,0x00,0x000000,weaponsdat_removeAfter,0,)
OFFSET(,0x006570c4,0x4,0x00,0x000000,scratch,0,)
OFFSET(,0x006570c8,0x104,0x00,0x000000,weaponsdat_middleSplash,0,)
OFFSET(,0x006571cc,0x4,0x00,0x000000,scratch,0,)
OFFSET(,0x006571d0,0x82,0x00,0x000000,weaponsdat_damageUpgrade,0,)
OFFSET(,0x00657254,0x4,0x00,0x000000,scratch,0,)
OFFSET(,0x00657258,0x82,0x00,0x000000,weaponsdat_wpnType,0,)
OFFSET(,0x006572dc,0x4,0x00,0x000000,scratch,0,)
OFFSET(,0x006572e0,0x104,0x00,0x000000,weaponsdat_label,0,)
OFFSET(,0x006573e4,0x4,0x00,0x000000,scratch,0,)
OFFSET(,0x006573e8,0x82,0x00,0x000000,weaponsdat_technology,0,)
OFFSET(,0x0065746c,0x4,0x00,0x000000,scratch,0,)
OFFSET(,0x00657470,0x208,0x00,0x000000,weaponsdat_maxRange,0,)
OFFSET(,0x00657678,0x104,0x00,0x000000,weaponsdat_dmgBonus,0,)
OFFSET(,0x00657780,0x104,0x00,0x000000,weaponsdat_outerSplash,0,)
OFFSET(,0x00657888,0x82,0x00,0x000000,weaponsdat_LaunchSpin,0,)
OFFSET(,0x0065790c,0x4,0x00,0x000000,scratch,0,)
OFFSET(,0x00657910,0x82,0x00,0x000000,weaponsdat_ForwardOffset,0,)
OFFSET(,0x00657998,0x104,0x00,0x000000,weaponsdat_targetFlags,0,)
OFFSET(,0x00657a9c,0x1,0x00,0x000000,,0,)
OFFSET(,0x00657aa0,0x1000,0x07,0x010000,,0,)
OFFSET(,0x0065fc18,0xe4,0x00,0x000000,unitsdat_MaxAirHits,0,)
OFFSET(,0x0065fd00,0x1c8,0x00,0x000000,unitsdat_GasCost,0,)
OFFSET(,0x0065fec8,0xe4,0x00,0x000000,unitsdat_Armor,0,)
OFFSET(,0x0065ffb0,0x1c8,0x00,0x000000,unitsdat_WhatSoundStart,0,)
OFFSET(,0x00660178,0xe4,0x00,0x000000,unitsdat_AIInternal,0,)
OFFSET(,0x00660260,0x1c8,0x00,0x000000,unitsdat_UnitMapString,0,)
OFFSET(,0x00660428,0x1c8,0x00,0x000000,unitsdat_TimeCost,0,)
OFFSET(,0x006605f0,0xe4,0x00,0x000000,unitsdat_UnitDirection,0,)
OFFSET(,0x006606d8,0xe4,0x00,0x000000,unitsdat_isBroodwarUnit,0,)
OFFSET(,0x006607c0,0x1c8,0x00,0x000000,unitsdat_Subunit1,0,)
OFFSET(,0x00660988,0xe4,0x00,0x000000,unitsdat_SpaceProvided,0,)
OFFSET(,0x00660a70,0x1c8,0x00,0x000000,guwUnitDepIndex,0,)
OFFSET(,0x00660c38,0x1c8,0x00,0x000000,unitsdat_Subunit2,0,)
OFFSET(,0x00660e00,0x1c8,0x00,0x000000,guwUnitShields,0,)
OFFSET(,0x00660fc8,0xe4,0x00,0x000000,unitsdat_movementflags,0,)
OFFSET(,0x006610ac,0x4,0x00,0x000000,scratch,0,)
OFFSET(,0x006610b0,0x390,0x00,0x000000,unitsdat_ConstructionAnimationGfx,0,)
OFFSET(,0x00661440,0xd4,0x00,0x000000,unitsdat_YesSoundEnd,0,)
OFFSET(,0x00661514,0x4,0x00,0x000000,scratch,0,)
OFFSET(,0x00661518,0x1c8,0x00,0x000000,unitsdat_StareditAvailabilityFlags,0,)
OFFSET(,0x006616e0,0xe4,0x00,0x000000,unitsdat_AirWeapon,0,)
OFFSET(,0x006617c4,0x4,0x00,0x000000,scratch,0,)
OFFSET(,0x006617c8,0x720,0x00,0x000000,unitsdat_UnitSize,0,)
OFFSET(,0x00661ee8,0xd4,0x00,0x000000,unitsdat_PissSoundEnd,0,)
OFFSET(,0x00661fbc,0x4,0x00,0x000000,scratch,0,)
OFFSET(,0x00661fc0,0xd4,0x00,0x000000,unitsdat_ReadySound,0,)
OFFSET(,0x00662094,0x4,0x00,0x000000,scratch,0,)
OFFSET(,0x00662098,0xe4,0x00,0x000000,unitsdat_RightclickActionOrder,0,)
OFFSET(,0x0066217c,0x4,0x00,0x000000,scratch,0,)
OFFSET(,0x00662180,0xe4,0x00,0x000000,unitsdat_UnitSizeType,0,)
OFFSET(,0x00662264,0x4,0x00,0x000000,scratch,0,)
OFFSET(,0x00662268,0xe4,0x00,0x000000,unitsdat_HumanAIIdleOrder,0,)
OFFSET(,0x00662350,0x390,0x00,0x000000,gxUnitLife,0,)
OFFSET(,0x006626e0,0x180,0x00,0x000000,unitsdat_AddonPosition,0,)
OFFSET(,0x00662860,0x390,0x00,0x000000,unitsdat_PlacementBoxSize,0,)
OFFSET(,0x00662bf0,0x1c8,0x00,0x000000,unitsdat_WhatSoundEnd,0,)
OFFSET(,0x00662db8,0xe4,0x00,0x000000,unitsdat_TargetAcquisitionRange,0,)
OFFSET(,0x00662e9c,0x4,0x00,0x000000,scratch,0,)
OFFSET(,0x00662ea0,0xe4,0x00,0x000000,unitsdat_CompAIIdleOrder,0,)
OFFSET(,0x00662f84,0x4,0x00,0x000000,scratch,0,)
OFFSET(,0x00662f88,0x1c8,0x00,0x000000,unitsdat_portrait,0,)
OFFSET(,0x00663150,0xe4,0x00,0x000000,unitsdat_ElevationLevel,0,)
OFFSET(,0x00663234,0x4,0x00,0x000000,scratch,0,)
OFFSET(,0x00663238,0xe4,0x00,0x000000,unitsdat_SightRange,0,)
OFFSET(,0x0066331c,0x4,0x00,0x000000,scratch,0,)
OFFSET(,0x00663320,0xe4,0x00,0x000000,unitsdat_AttackUnitOrder,0,)
OFFSET(,0x00663404,0x4,0x00,0x000000,scratch,0,)
OFFSET(,0x00663408,0x1c8,0x00,0x000000,unitsdat_BuildScore,0,)
OFFSET(,0x006635d0,0xe4,0x00,0x000000,unitsdat_ArmorUpgrade,0,)
OFFSET(,0x006636b4,0x4,0x00,0x000000,scratch,0,)
OFFSET(,0x006636b8,0xe4,0x00,0x000000,unitsdat_GroundWeapon,0,)
OFFSET(,0x0066379c,0x4,0x00,0x000000,scratch,0,)
OFFSET(,0x006637a0,0xe4,0x00,0x000000,unitsdat_StareditGroupFlags,0,)
OFFSET(,0x00663884,0x4,0x00,0x000000,scratch,0,)
OFFSET(,0x00663888,0x1c8,0x00,0x000000,unitsdat_OreCost,0,)
OFFSET(,0x00663a50,0xe4,0x00,0x000000,unitsdat_AttackMoveOrder,0,)
OFFSET(,0x00663b38,0xd4,0x00,0x000000,unitsdat_PissSoundStart,0,)
OFFSET(,0x00663c0c,0x4,0x00,0x000000,scratch,0,)
OFFSET(,0x00663c10,0xd4,0x00,0x000000,unitsdat_YesSoundStart,0,)
OFFSET(,0x00663ce4,0x4,0x00,0x000000,scratch,0,)
OFFSET(,0x00663ce8,0xe4,0x00,0x000000,unitsdat_SupplyRequired,0,)
OFFSET(,0x00663dcc,0x4,0x00,0x000000,scratch,0,)
OFFSET(,0x00663dd0,0xe4,0x00,0x000000,unitsdat_sublabelRank,0,)
OFFSET(,0x00663eb8,0x1c8,0x00,0x000000,unitsdat_DestroyScore,0,)
OFFSET(,0x00664080,0x390,0x00,0x000000,unitsdat_SpecialAbilityFlags,0,)
OFFSET(,0x00664410,0xe4,0x00,0x000000,unitsdat_SpaceRequired,0,)
OFFSET(,0x006644f4,0x4,0x00,0x000000,scratch,0,)
OFFSET(,0x006644f8,0xe4,0x16,0x000000,unitsdat_Graphics,0,)
OFFSET(,0x006645dc,0x4,0x00,0x000000,scratch,0,)
OFFSET(,0x006645e0,0xe4,0x00,0x000000,unitsdat_MaxGroundHits,0,)
OFFSET(,0x006646c4,0x4,0x00,0x000000,scratch,0,)
OFFSET(,0x006646c8,0xe4,0x00,0x000000,unitsdat_SupplyProvided,0,)
OFFSET(,0x006647ac,0x4,0x00,0x000000,scratch,0,)
OFFSET(,0x006647b0,0xe4,0x00,0x000000,unitsdat_ShieldEnable,0,)
OFFSET(,0x00664894,0x4,0x00,0x000000,scratch,0,)
OFFSET(,0x00664898,0xe4,0x00,0x000000,unitsdat_ReturntoIdleOrder,0,)
OFFSET(,0x0066497c,0x4,0x00,0x000000,scratch,0,)
OFFSET(,0x00664980,0xc0,0x00,0x000000,unitsdat_InfestationUnit,0,)
OFFSET(,0x00664a40,0xbd,0x00,0x000000,ordersdat_Unknown4,0,)
OFFSET(,0x00664b00,0xbd,0x00,0x000000,ordersdat_useWeaponTargetting,0,)
OFFSET(,0x00664bc0,0xbd,0x00,0x000000,ordersdat_Unused12,0,)
OFFSET(,0x00664c80,0xbd,0x00,0x000000,scratch,0,)
OFFSET(,0x00664d40,0xbd,0x00,0x000000,gubOrderSeq,0,)
OFFSET(,0x00664e00,0xbd,0x00,0x000000,ordersdat_TechType,0,)
OFFSET(,0x00664ec0,0x17a,0x00,0x000000,ordersdat_Highlight,0,)
OFFSET(,0x00665040,0xbd,0x00,0x000000,ordersdat_CanBeInterrupted,0,)
OFFSET(,0x00665100,0xbd,0x00,0x000000,ordersdat_Unknown7,0,)
OFFSET(,0x006651c0,0xbd,0x00,0x000000,ordersdat_Unknown9,0,)
OFFSET(,0x00665280,0x17a,0x00,0x000000,ordersdat_label,0,)
OFFSET(,0x00665400,0xbd,0x00,0x000000,ordersdat_Obscured,0,)
OFFSET(,0x006654c0,0xbd,0x00,0x000000,ordersdat_CanBeObstructed,0,)
OFFSET(,0x00665580,0x17a,0x00,0x000000,guwOrdDepIndex,0,)
OFFSET(,0x00665700,0xbd,0x00,0x000000,ordersdat_CanBeQueued,0,)
OFFSET(,0x006657c0,0xbd,0x00,0x000000,ordersdat_Unused5,0,)
OFFSET(,0x00665880,0xbd,0x00,0x000000,gubOrderWeapon,0,)
OFFSET(,0x00665940,0xbd,0x00,0x000000,gubOrderBackground,0,)
OFFSET(,0x00665a00,0xbd,0x00,0x000000,ordersdat_Unused3,0,)
OFFSET(,0x00665ac0,0x183,0x00,0x000002,SpritesDAT_SelCircleImage,0,)
OFFSET(,0x00665c48,0x205,0x00,0x000000,SpritesDAT_IsVisible,0,)
OFFSET(,0x00665e50,0x183,0x00,0x000002,spritesDAT_HealthBarSize,0,)
OFFSET(,0x00665fd8,0x183,0x00,0x000002,SpritesDAT_SelCircleOffset,0,)
OFFSET(,0x00666160,0x40a,0x11,0x000400,SpritesDAT_ImageID,0,)
OFFSET(,0x00666570,0x205,0x00,0x000000,SpritesDAT_Unknown2,0,)
OFFSET(,0x00666778,0xf9c,0x00,0x000002,ImagesLandingDustOverlay,0,)
OFFSET(,0x00667718,0x3e7,0x00,0x000000,imagesDrawifCloaked,0,)
OFFSET(,0x00667b00,0xf9c,0x00,0x000002,imagesSpecialOverlay,0,)
OFFSET(,0x00668aa0,0xf9c,0x00,0x000002,imagesGRP,0,)
OFFSET(,0x00669a40,0x3e7,0x00,0x000000,gubImageColorShift,0,)
OFFSET(,0x00669e28,0x3e7,0x12,0x000000,gubImageRLE,0,)
OFFSET(,0x0066a210,0xf9c,0x00,0x000002,imagesDamageOverlay,0,)
OFFSET(,0x0066b1b0,0xf9c,0x00,0x000002,imagesAttackOverlay,0,)
OFFSET(,0x0066c150,0x3e7,0x00,0x000000,imagesClickable,0,)
OFFSET(,0x0066c538,0xf9c,0x00,0x000002,imagesShieldOverlay,0,)
OFFSET(,0x0066d4d8,0x3e7,0x00,0x000000,gubImageUseScript,0,)
OFFSET(,0x0066d8c0,0xf9c,0x00,0x000002,ImagesLiftoffOverlay,0,)
OFFSET(,0x0066e860,0x3e7,0x00,0x000000,imagesGFXTurns,0,)
OFFSET(,0x0066ec48,0xf9c,0x17,0x000000,imagesIscriptID,0,)
OFFSET(,0x0066fd0c,0x4,0x00,0x000000,scratch,0,)
OFFSET(,0x0066ff78,0x6a40,0x31,0x000002,unitFinderX,0,)
OFFSET(,0x0068ac74,0x1,0x00,0x000000,needsUnitPortraitUpdate,1,)
OFFSET(,0x0068ac8c,0x4,0x2c,0x000020,pStatPortDlg,0,)
OFFSET(,0x0068c104,0x4,0x18,0x000020,hAIScript,0,)
OFFSET(,0x0068c108,0x4,0x19,0x000020,hBWScript,0,)
OFFSET(,0x0068c10c,0x32,0x00,0x000000,,0,)
OFFSET(,0x0068c140,0x4,0x2c,0x000020,pTextBoxDlg,0,)
OFFSET(,0x0068c144,0x1,0x00,0x000000,sendMessageType,0,)
OFFSET(,0x0068c148,0x4,0x2c,0x000020,pStatBtnDialog_0,0,)
OFFSET(,0x0068c14c,0x2,0x00,0x000000,,0,)
OFFSET(,0x0068c1e0,0x4,0x00,0x000000,cmdiconsHandle,0,)
OFFSET(,0x0068c1f0,0x4,0x2c,0x000020,pStatDataDialog,0,)
OFFSET(,0x0068c1f4,0x4,0x15,0x000000,hTranWireGrp,0,)
OFFSET(,0x0068c1fc,0x4,0x14,0x000000,hGrpWireGrp,0,)
OFFSET(,0x0068c204,0x4,0x13,0x000000,hWireframGrp,0,)
OFFSET(,0x0068c208,0x18,0x07,0x010000,twirePcxPalette,0,)
OFFSET(,0x0068c224,0x4,0x2c,0x000020,statF10_Dialog,0,)
OFFSET(,0x0068c234,0x4,0x2c,0x000020,sgpStatResDlg,0,)
OFFSET(,0x0068c238,0x4,0x00,0x000002,gpIconsGrp,0,)
OFFSET(,0x006bb210,0x720,0x00,0x000000,unitTypeAIStrength,0,)
OFFSET(,0x006bd3d0,0x1a94,0x2d,0x000002,unitFinderFlags,0,)
OFFSET(,0x006c9858,0xd1,0x00,0x000000,Flingy_MoveControl,0,)
OFFSET(,0x006c9930,0x344,0x00,0x000000,Flingy_HaltDistance,0,)
OFFSET(,0x006c9c78,0x1a2,0x00,0x000000,Flingy_Acceleration,0,)
OFFSET(,0x006c9e20,0xd1,0x00,0x000000,Flingy_TurnRadius,0,)
OFFSET(,0x006c9ef8,0x344,0x00,0x000000,Flingy_TopSpeed,0,)
OFFSET(,0x006ca240,0xd1,0x00,0x000000,Flingy_Unused,0,)
OFFSET(,0x006ca318,0x1a2,0x00,0x000000,Flingy_SpriteID,0,)
OFFSET(,0x006ca4bc,0x30,0x00,0x000000,AISuppliesReserve,0,)
OFFSET(,0x006ca4ec,0x30,0x00,0x000000,AIGasReserve,0,)
OFFSET(,0x006ca51c,0x30,0x00,0x000000,AIOreReserve,0,)
OFFSET(,0x006ca550,0xfc,0x07,0x010000,MD5_ctx,0,)
OFFSET(,0x006ca64c,0x18,0x07,0x010000,MD5 stuff,0,)
OFFSET(,0x006ca94c,0x30,0x00,0x000000,selGroupHp,1,)
OFFSET(,0x006caf98,0x4,0x00,0x000000,,0,)
OFFSET(,0x006cafa0,0x2a00,0x00,0x000000,,0,)
OFFSET(,0x006cd9a0,0x204,0x00,0x000000,,0,)
OFFSET(,0x006cdba8,0x204,0x00,0x000000,,0,)
OFFSET(,0x006cddc0,0x2,0x00,0x000000,keyMod,1,)
OFFSET(,0x006cddc4,0x8,0x42,0x000000,MousePointer,1,)
OFFSET(,0x006cdfd4,0x24,0x07,0x010000,optionList,1,)
OFFSET(,0x006ce000,0xc0,0x07,0x010000,tFontGame_ImageData,0,)
OFFSET(,0x006ce320,0x400,0x07,0x010000,,0,)
OFFSET(,0x006ce720,0x400,0x07,0x010000,,0,)
OFFSET(,0x006ceb20,0x1a,0x07,0x010000,uiPaletteIndices,0,)
OFFSET(,0x006ceff0,0x8,0x00,0x000002,_img_draw_buf,1,)
OFFSET(,0x006ceff8,0x4b0,0x1f,0x000000,refreshWindowBoxes,1,)
OFFSET(,0x006d0f14,0x4,0x00,0x000000,gbInReplay,0,)
OFFSET(,0x006d0f24,0x4,0x00,0x000002,pChkFile,0,)
OFFSET(,0x006d0f30,0x279,0x00,0x000002,replayHeader,0,)
OFFSET(,0x006d1200,0x4,0x23,0x000020,pIScriptData,0,)
OFFSET(,0x006d1234,0x4,0x00,0x000000,lastBINDLGMenuFXN,0,)
OFFSET(,0x006d1260,0x4,0x1c,0x000020,activeTileHandle,0,)
OFFSET(,0x006d5a6c,0x4,0x00,0x000000,gameCheatFlags,0,)
OFFSET(,0x006d5cd8,0x4,0x03,0x000020,repulseHandle,0,)
OFFSET(,0x006d5e14,0x4,0x2a,0x000020,ghTrans,0,)
OFFSET(,0x006d5e1c,0x4,0x00,0x000000,wantNewPalette,1,)
OFFSET(,0x006d5ec8,0x4,0x20,0x000020,cv5FileHandle,0,)
OFFSET(,0x006d6394,0x18,0x07,0x010000,szGamePassword,0,)
OFFSET(,0x1505e670,0x400,0x0a,0x000002,,0,)
OFFSET(,0x19018f38,0x4,0x07,0x010000,,0,)
OFFSET(,0x190452c8,0x80,0x07,0x010000,,0,)
OFFSET(,0x19046134,0x4,0x00,0x000000,,0,)
OFFSET(,0x19046138,0x100,0x07,0x010000,,0,)
OFFSET(,0x190913d8,0x4,0x00,0x000000,,0,)
